fecha,producto,categoria,region,unidades,precio_unitario
2023-01-01,Laptop,Tecnologia,Norte,5,2400
2023-01-01,Laptop,Tecnologia,Sur,10,2400
2023-01-01,Laptop,Tecnologia,Este,15,2400
2023-01-01,Laptop,Tecnologia,Oeste,9,2400
2023-01-01,Monitor,Tecnologia,Norte,12,700
2023-01-01,Monitor,Tecnologia,Sur,6,700
2023-01-01,Monitor,Tecnologia,Este,11,700
2023-01-01,Monitor,Tecnologia,Oeste,5,700
2023-01-01,Teclado,Accesorios,Norte,8,90
2023-01-01,Teclado,Accesorios,Sur,13,90
2023-01-01,Teclado,Accesorios,Este,7,90
2023-01-01,Teclado,Accesorios,Oeste,12,90
2023-01-01,Mouse,Accesorios,Norte,15,40
2023-01-01,Mouse,Accesorios,Sur,9,40
2023-01-01,Mouse,Accesorios,Este,14,40
2023-01-01,Mouse,Accesorios,Oeste,8,40
2023-01-01,Silla,Oficina,Norte,11,300
2023-01-01,Silla,Oficina,Sur,5,300
2023-01-01,Silla,Oficina,Este,10,300
2023-01-01,Silla,Oficina,Oeste,15,300
2023-02-01,Laptop,Tecnologia,Norte,8,2400
2023-02-01,Laptop,Tecnologia,Sur,13,2400
2023-02-01,Laptop,Tecnologia,Este,7,2400
2023-02-01,Laptop,Tecnologia,Oeste,12,2400
2023-02-01,Monitor,Tecnologia,Norte,15,700
2023-02-01,Monitor,Tecnologia,Sur,9,700
2023-02-01,Monitor,Tecnologia,Este,14,700
2023-02-01,Monitor,Tecnologia,Oeste,8,700
2023-02-01,Teclado,Accesorios,Norte,11,90
2023-02-01,Teclado,Accesorios,Sur,5,90
2023-02-01,Teclado,Accesorios,Este,10,90
2023-02-01,Teclado,Accesorios,Oeste,15,90
2023-02-01,Mouse,Accesorios,Norte,7,40
2023-02-01,Mouse,Accesorios,Sur,12,40
2023-02-01,Mouse,Accesorios,Este,6,40
2023-02-01,Mouse,Accesorios,Oeste,11,40
2023-02-01,Silla,Oficina,Norte,14,300
2023-02-01,Silla,Oficina,Sur,8,300
2023-02-01,Silla,Oficina,Este,13,300
2023-02-01,Silla,Oficina,Oeste,7,300
2023-03-01,Laptop,Tecnologia,Norte,11,2400
2023-03-01,Laptop,Tecnologia,Sur,5,2400
2023-03-01,Laptop,Tecnologia,Este,10,2400
2023-03-01,Laptop,Tecnologia,Oeste,15,2400
2023-03-01,Monitor,Tecnologia,Norte,7,700
2023-03-01,Monitor,Tecnologia,Sur,12,700
2023-03-01,Monitor,Tecnologia,Este,6,700
2023-03-01,Monitor,Tecnologia,Oeste,11,700
2023-03-01,Teclado,Accesorios,Norte,14,90
2023-03-01,Teclado,Accesorios,Sur,8,90
2023-03-01,Teclado,Accesorios,Este,13,90
2023-03-01,Teclado,Accesorios,Oeste,7,90
2023-03-01,Mouse,Accesorios,Norte,10,40
2023-03-01,Mouse,Accesorios,Sur,15,40
2023-03-01,Mouse,Accesorios,Este,9,40
2023-03-01,Mouse,Accesorios,Oeste,14,40
2023-03-01,Silla,Oficina,Norte,6,300
2023-03-01,Silla,Oficina,Sur,11,300
2023-03-01,Silla,Oficina,Este,5,300
2023-03-01,Silla,Oficina,Oeste,10,300
2023-04-01,Laptop,Tecnologia,Norte,14,2400
2023-04-01,Laptop,Tecnologia,Sur,8,2400
2023-04-01,Laptop,Tecnologia,Este,13,2400
2023-04-01,Laptop,Tecnologia,Oeste,7,2400
2023-04-01,Monitor,Tecnologia,Norte,10,700
2023-04-01,Monitor,Tecnologia,Sur,15,700
2023-04-01,Monitor,Tecnologia,Este,9,700
2023-04-01,Monitor,Tecnologia,Oeste,14,700
2023-04-01,Teclado,Accesorios,Norte,6,90
2023-04-01,Teclado,Accesorios,Sur,11,90
2023-04-01,Teclado,Accesorios,Este,5,90
2023-04-01,Teclado,Accesorios,Oeste,10,90
2023-04-01,Mouse,Accesorios,Norte,13,40
2023-04-01,Mouse,Accesorios,Sur,7,40
2023-04-01,Mouse,Accesorios,Este,12,40
2023-04-01,Mouse,Accesorios,Oeste,6,40
2023-04-01,Silla,Oficina,Norte,9,300
2023-04-01,Silla,Oficina,Sur,14,300
2023-04-01,Silla,Oficina,Este,8,300
2023-04-01,Silla,Oficina,Oeste,13,300
2023-05-01,Laptop,Tecnologia,Norte,6,2400
2023-05-01,Laptop,Tecnologia,Sur,11,2400
2023-05-01,Laptop,Tecnologia,Este,5,2400
2023-05-01,Laptop,Tecnologia,Oeste,10,2400
2023-05-01,Monitor,Tecnologia,Norte,13,700
2023-05-01,Monitor,Tecnologia,Sur,7,700
2023-05-01,Monitor,Tecnologia,Este,12,700
2023-05-01,Monitor,Tecnologia,Oeste,6,700
2023-05-01,Teclado,Accesorios,Norte,9,90
2023-05-01,Teclado,Accesorios,Sur,14,90
2023-05-01,Teclado,Accesorios,Este,8,90
2023-05-01,Teclado,Accesorios,Oeste,13,90
2023-05-01,Mouse,Accesorios,Norte,5,40
2023-05-01,Mouse,Accesorios,Sur,10,40
2023-05-01,Mouse,Accesorios,Este,15,40
2023-05-01,Mouse,Accesorios,Oeste,9,40
2023-05-01,Silla,Oficina,Norte,12,300
2023-05-01,Silla,Oficina,Sur,6,300
2023-05-01,Silla,Oficina,Este,11,300
2023-05-01,Silla,Oficina,Oeste,5,300
2023-06-01,Laptop,Tecnologia,Norte,9,2400
2023-06-01,Laptop,Tecnologia,Sur,14,2400
2023-06-01,Laptop,Tecnologia,Este,8,2400
2023-06-01,Laptop,Tecnologia,Oeste,13,2400
2023-06-01,Monitor,Tecnologia,Norte,5,700
2023-06-01,Monitor,Tecnologia,Sur,10,700
2023-06-01,Monitor,Tecnologia,Este,15,700
2023-06-01,Monitor,Tecnologia,Oeste,9,700
2023-06-01,Teclado,Accesorios,Norte,12,90
2023-06-01,Teclado,Accesorios,Sur,6,90
2023-06-01,Teclado,Accesorios,Este,11,90
2023-06-01,Teclado,Accesorios,Oeste,5,90
2023-06-01,Mouse,Accesorios,Norte,8,40
2023-06-01,Mouse,Accesorios,Sur,13,40
2023-06-01,Mouse,Accesorios,Este,7,40
2023-06-01,Mouse,Accesorios,Oeste,12,40
2023-06-01,Silla,Oficina,Norte,15,300
2023-06-01,Silla,Oficina,Sur,9,300
2023-06-01,Silla,Oficina,Este,14,300
2023-06-01,Silla,Oficina,Oeste,8,300
2023-07-01,Laptop,Tecnologia,Norte,13,2400
2023-07-01,Laptop,Tecnologia,Sur,7,2400
2023-07-01,Laptop,Tecnologia,Este,12,2400
2023-07-01,Laptop,Tecnologia,Oeste,6,2400
2023-07-01,Monitor,Tecnologia,Norte,9,700
2023-07-01,Monitor,Tecnologia,Sur,14,700
2023-07-01,Monitor,Tecnologia,Este,8,700
2023-07-01,Monitor,Tecnologia,Oeste,13,700
2023-07-01,Teclado,Accesorios,Norte,16,90
2023-07-01,Teclado,Accesorios,Sur,10,90
2023-07-01,Teclado,Accesorios,Este,15,90
2023-07-01,Teclado,Accesorios,Oeste,9,90
2023-07-01,Mouse,Accesorios,Norte,12,40
2023-07-01,Mouse,Accesorios,Sur,6,40
2023-07-01,Mouse,Accesorios,Este,11,40
2023-07-01,Mouse,Accesorios,Oeste,16,40
2023-07-01,Silla,Oficina,Norte,8,300
2023-07-01,Silla,Oficina,Sur,13,300
2023-07-01,Silla,Oficina,Este,7,300
2023-07-01,Silla,Oficina,Oeste,12,300
2023-08-01,Laptop,Tecnologia,Norte,16,2400
2023-08-01,Laptop,Tecnologia,Sur,10,2400
2023-08-01,Laptop,Tecnologia,Este,15,2400
2023-08-01,Laptop,Tecnologia,Oeste,9,2400
2023-08-01,Monitor,Tecnologia,Norte,12,700
2023-08-01,Monitor,Tecnologia,Sur,6,700
2023-08-01,Monitor,Tecnologia,Este,11,700
2023-08-01,Monitor,Tecnologia,Oeste,16,700
2023-08-01,Teclado,Accesorios,Norte,8,90
2023-08-01,Teclado,Accesorios,Sur,13,90
2023-08-01,Teclado,Accesorios,Este,7,90
2023-08-01,Teclado,Accesorios,Oeste,12,90
2023-08-01,Mouse,Accesorios,Norte,15,40
2023-08-01,Mouse,Accesorios,Sur,9,40
2023-08-01,Mouse,Accesorios,Este,14,40
2023-08-01,Mouse,Accesorios,Oeste,8,40
2023-08-01,Silla,Oficina,Norte,11,300
2023-08-01,Silla,Oficina,Sur,16,300
2023-08-01,Silla,Oficina,Este,10,300
2023-08-01,Silla,Oficina,Oeste,15,300
2023-09-01,Laptop,Tecnologia,Norte,8,2400
2023-09-01,Laptop,Tecnologia,Sur,13,2400
2023-09-01,Laptop,Tecnologia,Este,7,2400
2023-09-01,Laptop,Tecnologia,Oeste,12,2400
2023-09-01,Monitor,Tecnologia,Norte,15,700
2023-09-01,Monitor,Tecnologia,Sur,9,700
2023-09-01,Monitor,Tecnologia,Este,14,700
2023-09-01,Monitor,Tecnologia,Oeste,8,700
2023-09-01,Teclado,Accesorios,Norte,11,90
2023-09-01,Teclado,Accesorios,Sur,16,90
2023-09-01,Teclado,Accesorios,Este,10,90
2023-09-01,Teclado,Accesorios,Oeste,15,90
2023-09-01,Mouse,Accesorios,Norte,7,40
2023-09-01,Mouse,Accesorios,Sur,12,40
2023-09-01,Mouse,Accesorios,Este,6,40
2023-09-01,Mouse,Accesorios,Oeste,11,40
2023-09-01,Silla,Oficina,Norte,14,300
2023-09-01,Silla,Oficina,Sur,8,300
2023-09-01,Silla,Oficina,Este,13,300
2023-09-01,Silla,Oficina,Oeste,7,300
2023-10-01,Laptop,Tecnologia,Norte,11,2400
2023-10-01,Laptop,Tecnologia,Sur,16,2400
2023-10-01,Laptop,Tecnologia,Este,10,2400
2023-10-01,Laptop,Tecnologia,Oeste,15,2400
2023-10-01,Monitor,Tecnologia,Norte,7,700
2023-10-01,Monitor,Tecnologia,Sur,12,700
2023-10-01,Monitor,Tecnologia,Este,6,700
2023-10-01,Monitor,Tecnologia,Oeste,11,700
2023-10-01,Teclado,Accesorios,Norte,14,90
2023-10-01,Teclado,Accesorios,Sur,8,90
2023-10-01,Teclado,Accesorios,Este,13,90
2023-10-01,Teclado,Accesorios,Oeste,7,90
2023-10-01,Mouse,Accesorios,Norte,10,40
2023-10-01,Mouse,Accesorios,Sur,15,40
2023-10-01,Mouse,Accesorios,Este,9,40
2023-10-01,Mouse,Accesorios,Oeste,14,40
2023-10-01,Silla,Oficina,Norte,6,300
2023-10-01,Silla,Oficina,Sur,11,300
2023-10-01,Silla,Oficina,Este,16,300
2023-10-01,Silla,Oficina,Oeste,10,300
2023-11-01,Laptop,Tecnologia,Norte,14,2400
2023-11-01,Laptop,Tecnologia,Sur,8,2400
2023-11-01,Laptop,Tecnologia,Este,13,2400
2023-11-01,Laptop,Tecnologia,Oeste,7,2400
2023-11-01,Monitor,Tecnologia,Norte,10,700
2023-11-01,Monitor,Tecnologia,Sur,15,700
2023-11-01,Monitor,Tecnologia,Este,9,700
2023-11-01,Monitor,Tecnologia,Oeste,14,700
2023-11-01,Teclado,Accesorios,Norte,6,90
2023-11-01,Teclado,Accesorios,Sur,11,90
2023-11-01,Teclado,Accesorios,Este,16,90
2023-11-01,Teclado,Accesorios,Oeste,10,90
2023-11-01,Mouse,Accesorios,Norte,13,40
2023-11-01,Mouse,Accesorios,Sur,7,40
2023-11-01,Mouse,Accesorios,Este,12,40
2023-11-01,Mouse,Accesorios,Oeste,6,40
2023-11-01,Silla,Oficina,Norte,9,300
2023-11-01,Silla,Oficina,Sur,14,300
2023-11-01,Silla,Oficina,Este,8,300
2023-11-01,Silla,Oficina,Oeste,13,300
2023-12-01,Laptop,Tecnologia,Norte,6,2400
2023-12-01,Laptop,Tecnologia,Sur,11,2400
2023-12-01,Laptop,Tecnologia,Este,16,2400
2023-12-01,Laptop,Tecnologia,Oeste,10,2400
2023-12-01,Monitor,Tecnologia,Norte,13,700
2023-12-01,Monitor,Tecnologia,Sur,7,700
2023-12-01,Monitor,Tecnologia,Este,12,700
2023-12-01,Monitor,Tecnologia,Oeste,6,700
2023-12-01,Teclado,Accesorios,Norte,9,90
2023-12-01,Teclado,Accesorios,Sur,14,90
2023-12-01,Teclado,Accesorios,Este,8,90
2023-12-01,Teclado,Accesorios,Oeste,13,90
2023-12-01,Mouse,Accesorios,Norte,16,40
2023-12-01,Mouse,Accesorios,Sur,10,40
2023-12-01,Mouse,Accesorios,Este,15,40
2023-12-01,Mouse,Accesorios,Oeste,9,40
2023-12-01,Silla,Oficina,Norte,12,300
2023-12-01,Silla,Oficina,Sur,6,300
2023-12-01,Silla,Oficina,Este,11,300
2023-12-01,Silla,Oficina,Oeste,16,300
2024-01-01,Laptop,Tecnologia,Norte,10,2400
2024-01-01,Laptop,Tecnologia,Sur,15,2400
2024-01-01,Laptop,Tecnologia,Este,9,2400
2024-01-01,Laptop,Tecnologia,Oeste,14,2400
2024-01-01,Monitor,Tecnologia,Norte,17,700
2024-01-01,Monitor,Tecnologia,Sur,11,700
2024-01-01,Monitor,Tecnologia,Este,16,700
2024-01-01,Monitor,Tecnologia,Oeste,10,700
2024-01-01,Teclado,Accesorios,Norte,13,90
2024-01-01,Teclado,Accesorios,Sur,7,90
2024-01-01,Teclado,Accesorios,Este,12,90
2024-01-01,Teclado,Accesorios,Oeste,17,90
2024-01-01,Mouse,Accesorios,Norte,9,40
2024-01-01,Mouse,Accesorios,Sur,14,40
2024-01-01,Mouse,Accesorios,Este,8,40
2024-01-01,Mouse,Accesorios,Oeste,13,40
2024-01-01,Silla,Oficina,Norte,16,300
2024-01-01,Silla,Oficina,Sur,10,300
2024-01-01,Silla,Oficina,Este,15,300
2024-01-01,Silla,Oficina,Oeste,9,300
2024-02-01,Laptop,Tecnologia,Norte,13,2400
2024-02-01,Laptop,Tecnologia,Sur,7,2400
2024-02-01,Laptop,Tecnologia,Este,12,2400
2024-02-01,Laptop,Tecnologia,Oeste,17,2400
2024-02-01,Monitor,Tecnologia,Norte,9,700
2024-02-01,Monitor,Tecnologia,Sur,14,700
2024-02-01,Monitor,Tecnologia,Este,8,700
2024-02-01,Monitor,Tecnologia,Oeste,13,700
2024-02-01,Teclado,Accesorios,Norte,16,90
2024-02-01,Teclado,Accesorios,Sur,10,90
2024-02-01,Teclado,Accesorios,Este,15,90
2024-02-01,Teclado,Accesorios,Oeste,9,90
2024-02-01,Mouse,Accesorios,Norte,12,40
2024-02-01,Mouse,Accesorios,Sur,17,40
2024-02-01,Mouse,Accesorios,Este,11,40
2024-02-01,Mouse,Accesorios,Oeste,16,40
2024-02-01,Silla,Oficina,Norte,8,300
2024-02-01,Silla,Oficina,Sur,13,300
2024-02-01,Silla,Oficina,Este,7,300
2024-02-01,Silla,Oficina,Oeste,12,300
2024-03-01,Laptop,Tecnologia,Norte,16,2400
2024-03-01,Laptop,Tecnologia,Sur,10,2400
2024-03-01,Laptop,Tecnologia,Este,15,2400
2024-03-01,Laptop,Tecnologia,Oeste,9,2400
2024-03-01,Monitor,Tecnologia,Norte,12,700
2024-03-01,Monitor,Tecnologia,Sur,17,700
2024-03-01,Monitor,Tecnologia,Este,11,700
2024-03-01,Monitor,Tecnologia,Oeste,16,700
2024-03-01,Teclado,Accesorios,Norte,8,90
2024-03-01,Teclado,Accesorios,Sur,13,90
2024-03-01,Teclado,Accesorios,Este,7,90
2024-03-01,Teclado,Accesorios,Oeste,12,90
2024-03-01,Mouse,Accesorios,Norte,15,40
2024-03-01,Mouse,Accesorios,Sur,9,40
2024-03-01,Mouse,Accesorios,Este,14,40
2024-03-01,Mouse,Accesorios,Oeste,8,40
2024-03-01,Silla,Oficina,Norte,11,300
2024-03-01,Silla,Oficina,Sur,16,300
2024-03-01,Silla,Oficina,Este,10,300
2024-03-01,Silla,Oficina,Oeste,15,300
2024-04-01,Laptop,Tecnologia,Norte,8,2400
2024-04-01,Laptop,Tecnologia,Sur,13,2400
2024-04-01,Laptop,Tecnologia,Este,7,2400
2024-04-01,Laptop,Tecnologia,Oeste,12,2400
2024-04-01,Monitor,Tecnologia,Norte,15,700
2024-04-01,Monitor,Tecnologia,Sur,9,700
2024-04-01,Monitor,Tecnologia,Este,14,700
2024-04-01,Monitor,Tecnologia,Oeste,8,700
2024-04-01,Teclado,Accesorios,Norte,11,90
2024-04-01,Teclado,Accesorios,Sur,16,90
2024-04-01,Teclado,Accesorios,Este,10,90
2024-04-01,Teclado,Accesorios,Oeste,15,90
2024-04-01,Mouse,Accesorios,Norte,7,40
2024-04-01,Mouse,Accesorios,Sur,12,40
2024-04-01,Mouse,Accesorios,Este,17,40
2024-04-01,Mouse,Accesorios,Oeste,11,40
2024-04-01,Silla,Oficina,Norte,14,300
2024-04-01,Silla,Oficina,Sur,8,300
2024-04-01,Silla,Oficina,Este,13,300
2024-04-01,Silla,Oficina,Oeste,7,300
2024-05-01,Laptop,Tecnologia,Norte,11,2400
2024-05-01,Laptop,Tecnologia,Sur,16,2400
2024-05-01,Laptop,Tecnologia,Este,10,2400
2024-05-01,Laptop,Tecnologia,Oeste,15,2400
2024-05-01,Monitor,Tecnologia,Norte,7,700
2024-05-01,Monitor,Tecnologia,Sur,12,700
2024-05-01,Monitor,Tecnologia,Este,17,700
2024-05-01,Monitor,Tecnologia,Oeste,11,700
2024-05-01,Teclado,Accesorios,Norte,14,90
2024-05-01,Teclado,Accesorios,Sur,8,90
2024-05-01,Teclado,Accesorios,Este,13,90
2024-05-01,Teclado,Accesorios,Oeste,7,90
2024-05-01,Mouse,Accesorios,Norte,10,40
2024-05-01,Mouse,Accesorios,Sur,15,40
2024-05-01,Mouse,Accesorios,Este,9,40
2024-05-01,Mouse,Accesorios,Oeste,14,40
2024-05-01,Silla,Oficina,Norte,17,300
2024-05-01,Silla,Oficina,Sur,11,300
2024-05-01,Silla,Oficina,Este,16,300
2024-05-01,Silla,Oficina,Oeste,10,300
2024-06-01,Laptop,Tecnologia,Norte,14,2400
2024-06-01,Laptop,Tecnologia,Sur,8,2400
2024-06-01,Laptop,Tecnologia,Este,13,2400
2024-06-01,Laptop,Tecnologia,Oeste,7,2400
2024-06-01,Monitor,Tecnologia,Norte,10,700
2024-06-01,Monitor,Tecnologia,Sur,15,700
2024-06-01,Monitor,Tecnologia,Este,9,700
2024-06-01,Monitor,Tecnologia,Oeste,14,700
2024-06-01,Teclado,Accesorios,Norte,17,90
2024-06-01,Teclado,Accesorios,Sur,11,90
2024-06-01,Teclado,Accesorios,Este,16,90
2024-06-01,Teclado,Accesorios,Oeste,10,90
2024-06-01,Mouse,Accesorios,Norte,13,40
2024-06-01,Mouse,Accesorios,Sur,7,40
2024-06-01,Mouse,Accesorios,Este,12,40
2024-06-01,Mouse,Accesorios,Oeste,17,40
2024-06-01,Silla,Oficina,Norte,9,300
2024-06-01,Silla,Oficina,Sur,14,300
2024-06-01,Silla,Oficina,Este,8,300
2024-06-01,Silla,Oficina,Oeste,13,300
2024-07-01,Laptop,Tecnologia,Norte,18,2400
2024-07-01,Laptop,Tecnologia,Sur,12,2400
2024-07-01,Laptop,Tecnologia,Este,17,2400
2024-07-01,Laptop,Tecnologia,Oeste,11,2400
2024-07-01,Monitor,Tecnologia,Norte,14,700
2024-07-01,Monitor,Tecnologia,Sur,8,700
2024-07-01,Monitor,Tecnologia,Este,13,700
2024-07-01,Monitor,Tecnologia,Oeste,18,700
2024-07-01,Teclado,Accesorios,Norte,10,90
2024-07-01,Teclado,Accesorios,Sur,15,90
2024-07-01,Teclado,Accesorios,Este,9,90
2024-07-01,Teclado,Accesorios,Oeste,14,90
2024-07-01,Mouse,Accesorios,Norte,17,40
2024-07-01,Mouse,Accesorios,Sur,11,40
2024-07-01,Mouse,Accesorios,Este,16,40
2024-07-01,Mouse,Accesorios,Oeste,10,40
2024-07-01,Silla,Oficina,Norte,13,300
2024-07-01,Silla,Oficina,Sur,18,300
2024-07-01,Silla,Oficina,Este,12,300
2024-07-01,Silla,Oficina,Oeste,17,300
2024-08-01,Laptop,Tecnologia,Norte,10,2400
2024-08-01,Laptop,Tecnologia,Sur,15,2400
2024-08-01,Laptop,Tecnologia,Este,9,2400
2024-08-01,Laptop,Tecnologia,Oeste,14,2400
2024-08-01,Monitor,Tecnologia,Norte,17,700
2024-08-01,Monitor,Tecnologia,Sur,11,700
2024-08-01,Monitor,Tecnologia,Este,16,700
2024-08-01,Monitor,Tecnologia,Oeste,10,700
2024-08-01,Teclado,Accesorios,Norte,13,90
2024-08-01,Teclado,Accesorios,Sur,18,90
2024-08-01,Teclado,Accesorios,Este,12,90
2024-08-01,Teclado,Accesorios,Oeste,17,90
2024-08-01,Mouse,Accesorios,Norte,9,40
2024-08-01,Mouse,Accesorios,Sur,14,40
2024-08-01,Mouse,Accesorios,Este,8,40
2024-08-01,Mouse,Accesorios,Oeste,13,40
2024-08-01,Silla,Oficina,Norte,16,300
2024-08-01,Silla,Oficina,Sur,10,300
2024-08-01,Silla,Oficina,Este,15,300
2024-08-01,Silla,Oficina,Oeste,9,300
2024-09-01,Laptop,Tecnologia,Norte,13,2400
2024-09-01,Laptop,Tecnologia,Sur,18,2400
2024-09-01,Laptop,Tecnologia,Este,12,2400
2024-09-01,Laptop,Tecnologia,Oeste,17,2400
2024-09-01,Monitor,Tecnologia,Norte,9,700
2024-09-01,Monitor,Tecnologia,Sur,14,700
2024-09-01,Monitor,Tecnologia,Este,8,700
2024-09-01,Monitor,Tecnologia,Oeste,13,700
2024-09-01,Teclado,Accesorios,Norte,16,90
2024-09-01,Teclado,Accesorios,Sur,10,90
2024-09-01,Teclado,Accesorios,Este,15,90
2024-09-01,Teclado,Accesorios,Oeste,9,90
2024-09-01,Mouse,Accesorios,Norte,12,40
2024-09-01,Mouse,Accesorios,Sur,17,40
2024-09-01,Mouse,Accesorios,Este,11,40
2024-09-01,Mouse,Accesorios,Oeste,16,40
2024-09-01,Silla,Oficina,Norte,8,300
2024-09-01,Silla,Oficina,Sur,13,300
2024-09-01,Silla,Oficina,Este,18,300
2024-09-01,Silla,Oficina,Oeste,12,300
2024-10-01,Laptop,Tecnologia,Norte,16,2400
2024-10-01,Laptop,Tecnologia,Sur,10,2400
2024-10-01,Laptop,Tecnologia,Este,15,2400
2024-10-01,Laptop,Tecnologia,Oeste,9,2400
2024-10-01,Monitor,Tecnologia,Norte,12,700
2024-10-01,Monitor,Tecnologia,Sur,17,700
2024-10-01,Monitor,Tecnologia,Este,11,700
2024-10-01,Monitor,Tecnologia,Oeste,16,700
2024-10-01,Teclado,Accesorios,Norte,8,90
2024-10-01,Teclado,Accesorios,Sur,13,90
2024-10-01,Teclado,Accesorios,Este,18,90
2024-10-01,Teclado,Accesorios,Oeste,12,90
2024-10-01,Mouse,Accesorios,Norte,15,40
2024-10-01,Mouse,Accesorios,Sur,9,40
2024-10-01,Mouse,Accesorios,Este,14,40
2024-10-01,Mouse,Accesorios,Oeste,8,40
2024-10-01,Silla,Oficina,Norte,11,300
2024-10-01,Silla,Oficina,Sur,16,300
2024-10-01,Silla,Oficina,Este,10,300
2024-10-01,Silla,Oficina,Oeste,15,300
2024-11-01,Laptop,Tecnologia,Norte,8,2400
2024-11-01,Laptop,Tecnologia,Sur,13,2400
2024-11-01,Laptop,Tecnologia,Este,18,2400
2024-11-01,Laptop,Tecnologia,Oeste,12,2400
2024-11-01,Monitor,Tecnologia,Norte,15,700
2024-11-01,Monitor,Tecnologia,Sur,9,700
2024-11-01,Monitor,Tecnologia,Este,14,700
2024-11-01,Monitor,Tecnologia,Oeste,8,700
2024-11-01,Teclado,Accesorios,Norte,11,90
2024-11-01,Teclado,Accesorios,Sur,16,90
2024-11-01,Teclado,Accesorios,Este,10,90
2024-11-01,Teclado,Accesorios,Oeste,15,90
2024-11-01,Mouse,Accesorios,Norte,18,40
2024-11-01,Mouse,Accesorios,Sur,12,40
2024-11-01,Mouse,Accesorios,Este,17,40
2024-11-01,Mouse,Accesorios,Oeste,11,40
2024-11-01,Silla,Oficina,Norte,14,300
2024-11-01,Silla,Oficina,Sur,8,300
2024-11-01,Silla,Oficina,Este,13,300
2024-11-01,Silla,Oficina,Oeste,18,300
2024-12-01,Laptop,Tecnologia,Norte,11,2400
2024-12-01,Laptop,Tecnologia,Sur,16,2400
2024-12-01,Laptop,Tecnologia,Este,10,2400
2024-12-01,Laptop,Tecnologia,Oeste,15,2400
2024-12-01,Monitor,Tecnologia,Norte,18,700
2024-12-01,Monitor,Tecnologia,Sur,12,700
2024-12-01,Monitor,Tecnologia,Este,17,700
2024-12-01,Monitor,Tecnologia,Oeste,11,700
2024-12-01,Teclado,Accesorios,Norte,14,90
2024-12-01,Teclado,Accesorios,Sur,8,90
2024-12-01,Teclado,Accesorios,Este,13,90
2024-12-01,Teclado,Accesorios,Oeste,18,90
2024-12-01,Mouse,Accesorios,Norte,10,40
2024-12-01,Mouse,Accesorios,Sur,15,40
2024-12-01,Mouse,Accesorios,Este,9,40
2024-12-01,Mouse,Accesorios,Oeste,14,40
2024-12-01,Silla,Oficina,Norte,17,300
2024-12-01,Silla,Oficina,Sur,11,300
2024-12-01,Silla,Oficina,Este,16,300
2024-12-01,Silla,Oficina,Oeste,10,300
